{
    "install": "README.md",
    "1.2.7": "messages/1.2.7.txt",
    "1.2.8": "messages/1.2.8.txt",
    "1.2.9": "messages/1.2.9.txt",
    "1.3.0": "messages/1.3.0.txt",
    "1.3.1": "messages/1.3.1.txt",
    "1.3.2": "messages/1.3.2.txt",
    "1.3.3": "messages/1.3.3.txt",
    "1.3.4": "messages/1.3.4.txt",
    "1.3.5": "messages/1.3.5.txt",
    "1.3.6-1": "messages/1.3.6-1.txt",
    "1.3.6": "messages/1.3.6.txt",
    "1.3.7": "messages/1.3.7.txt",
    "1.4.0": "messages/1.4.0.txt",
    "1.4.1": "messages/1.4.1.txt",
    "1.4.2": "messages/1.4.2.txt",
    "1.4.3": "messages/1.4.3.txt",
    "1.4.4": "messages/1.4.4.txt",
    "1.4.5": "messages/1.4.5.txt",
    "1.4.6": "messages/1.4.6.txt",
    "1.4.7": "messages/1.4.7.txt",
    "1.4.8": "messages/1.4.8.txt",
    "1.4.9": "messages/1.4.9.txt",
    "1.4.10": "messages/1.4.10.txt",
    "1.4.11": "messages/1.4.11.txt"
}
